label,intensidade,simetria
0,145.43529411764706,148.57254901960783
0,118.5764705882353,137.1137254901961
0,127.6,134.0470588235294
0,138.04705882352943,151.00392156862745
0,146.2156862745098,122.50196078431372
0,128.07450980392156,157.65490196078431
0,136.9764705882353,156.3843137254902
0,131.24313725490197,140.54117647058823
0,142.94509803921568,145.42745098039217
0,129.09803921568627,141.83529411764704
0,128.87058823529412,148.06274509803922
0,130.61176470588236,146.4313725490196
0,129.3921568627451,122.65882352941176
0,137.51764705882354,118.17254901960783
0,157.80392156862746,143.41176470588235
0,126.28627450980392,119.6313725490196
0,131.41960784313724,126.70588235294117
0,140.28235294117647,121.1843137254902
0,148.41960784313724,149.81176470588235
0,136.99607843137255,157.31764705882352
0,140.16470588235293,132.87843137254902
0,154.2549019607843,151.24705882352941
0,126.56862745098039,140.3843137254902
0,129.64313725490197,148.7372549019608
0,132.5843137254902,132.14117647058825
0,127.16078431372549,154.55686274509804
0,151.49803921568628,139.81960784313725
0,135.7019607843137,138.0392156862745
0,145.4156862745098,142.12549019607843
0,134.79607843137254,150.99607843137255
0,147.81176470588235,139.52156862745096
0,136.4156862745098,142.7372549019608
0,154.3921568627451,148.29019607843136
0,135.67843137254903,118.47058823529412
0,136.72549019607843,135.2549019607843
0,157.16470588235293,144.4470588235294
0,129.92156862745097,145.9686274509804
0,141.8235294117647,160.4470588235294
0,147.66666666666666,136.48627450980393
0,125.41176470588235,138.16470588235296
0,142.3764705882353,133.6392156862745
0,155.4470588235294,130.25882352941176
0,144.82745098039214,137.72549019607843
0,134.54901960784315,132.61960784313726
0,136.45490196078433,138.4156862745098
0,132.77254901960785,155.84313725490196
0,151.50980392156862,129.42745098039217
0,139.06666666666666,140.55686274509804
0,123.54901960784314,153.01960784313724
0,123.52156862745097,118.3843137254902
0,120.43529411764706,137.60784313725492
0,150.0392156862745,126.33725490196079
0,123.32156862745099,151.9137254901961
0,143.0705882352941,140.70588235294116
0,133.3921568627451,127.2627450980392
0,118.90980392156862,139.43529411764706
0,141.2,121.65490196078431
0,146.72549019607843,146.5254901960784
0,142.38039215686274,156.7294117647059
0,116.3921568627451,131.39607843137256
0,122.2392156862745,150.39999999999998
0,151.91764705882352,142.97254901960784
0,142.04705882352943,145.2
0,129.10196078431372,156.24313725490197
0,122.84705882352941,129.79607843137254
0,154.10588235294117,149.5686274509804
0,127.88627450980393,120.57254901960783
0,145.53725490196078,134.98823529411766
0,131.93333333333334,139.38039215686274
0,133.1843137254902,137.1921568627451
0,138.37254901960785,115.09803921568627
0,123.70588235294117,143.2627450980392
0,128.37254901960785,150.99607843137255
0,141.23529411764707,121.67843137254903
0,134.1607843137255,123.83529411764707
0,141.5686274509804,116.49411764705883
0,133.30196078431374,154.50980392156862
0,142.22745098039215,137.5137254901961
0,153.62745098039215,145.9686274509804
0,133.7686274509804,118.13333333333333
0,123.87450980392157,141.2549019607843
0,139.81176470588235,125.49803921568628
0,129.75294117647059,131.32549019607842
0,125.86666666666666,156.47843137254904
0,150.40392156862745,155.52941176470588
0,152.46274509803922,153.2549019607843
0,123.43137254901961,118.31372549019608
0,130.93725490196078,157.57647058823528
0,115.31764705882352,142.06274509803922
0,143.68235294117648,122.21960784313725
0,124.23529411764706,126.61176470588236
0,129.1921568627451,135.89019607843136
0,114.32941176470588,130.90196078431373
0,124.26274509803922,126.60392156862746
0,115.89803921568627,144.56470588235294
0,136.45490196078433,139.7019607843137
0,138.24705882352941,130.7450980392157
0,152.5843137254902,147.34117647058824
0,121.54509803921569,149.90588235294118
0,118.07843137254902,151.85882352941178
0,121.3529411764706,123.67843137254901
0,128.41960784313724,131.77254901960782
0,137.6235294117647,158.61176470588236
0,118.29019607843138,126.3529411764706
0,127.19607843137256,153.49019607843138
0,123.91764705882353,139.74901960784314
0,153.04705882352943,129.1764705882353
0,138.45882352941177,144.8078431372549
0,128.61960784313726,118.58823529411765
0,130.3686274509804,151.1843137254902
0,129.7019607843137,147.30980392156863
0,119.60392156862746,129.58431372549018
0,157.2941176470588,134.98039215686276
0,145.6705882352941,119.75686274509805
0,128.2235294117647,131.39607843137256
0,140.23529411764707,148.08627450980393
0,132.1764705882353,154.4549019607843
0,140.8,146.75294117647059
0,156.6156862745098,134.3607843137255
0,121.18039215686275,131.05882352941177
0,120.43137254901961,149.9294117647059
0,155.8,147.7098039215686
0,134.85882352941175,126.078431372549
0,140.10196078431372,137.71764705882353
0,121.94117647058823,135.14509803921567
0,150.58039215686276,127.81960784313725
0,133.38039215686274,129.9764705882353
0,156.13333333333333,133.6156862745098
0,140.97254901960784,133.05882352941177
0,120.8078431372549,131.80392156862746
0,118.05098039215686,129.01960784313727
0,145.01176470588234,133.60784313725492
0,134.07450980392156,137.74901960784314
0,157.06666666666666,135.24705882352941
0,118.07058823529412,134.8
0,151.58039215686276,130.0313725490196
0,141.21960784313725,142.98823529411766
0,128.35686274509803,157.45098039215685
0,122.03529411764706,140.18823529411765
0,112.87843137254902,137.67058823529413
0,144.90980392156862,122.11764705882354
0,128.31764705882352,156.75294117647059
0,138.2156862745098,128.35294117647058
0,142.37254901960785,147.2627450980392
0,122.27058823529411,127.52156862745099
0,118.69411764705882,130.75294117647059
0,136.27058823529413,147.38039215686274
0,120.58431372549019,153.6470588235294
0,124.71764705882353,129.81960784313725
0,138.30196078431374,150.0
0,148.33333333333334,138.18823529411765
0,124.49411764705883,119.36470588235294
0,130.05882352941177,153.29411764705884
0,148.8078431372549,120.70588235294117
0,121.41176470588235,133.29411764705884
0,151.4156862745098,132.47058823529412
0,158.1921568627451,140.76862745098038
0,138.41960784313724,116.96470588235294
0,143.93725490196078,154.30588235294118
0,131.27843137254902,135.1058823529412
0,138.98039215686273,141.89019607843136
0,118.73725490196078,135.08235294117648
0,150.4470588235294,155.1607843137255
0,142.6,121.27058823529413
0,142.25098039215686,126.83921568627451
0,142.93333333333334,147.02745098039216
0,120.61960784313726,136.69019607843137
0,154.82745098039214,130.65098039215687
0,150.90588235294118,132.96470588235294
0,114.95294117647059,146.0078431372549
0,130.2980392156863,134.22745098039215
0,151.1607843137255,120.32156862745097
0,119.25882352941177,129.85098039215688
0,131.33333333333334,135.58431372549018
0,140.98431372549018,118.16470588235295
0,145.06274509803922,142.5176470588235
0,118.10196078431373,139.32549019607842
0,114.87450980392157,147.97647058823532
0,150.49411764705883,148.50196078431372
0,144.73333333333332,153.34117647058824
0,121.52549019607844,123.38823529411765
0,144.4156862745098,123.79607843137256
0,149.01568627450982,143.68627450980392
0,131.61960784313726,142.7764705882353
0,128.05098039215687,120.8313725490196
0,116.05098039215686,133.75686274509803
0,155.35294117647058,126.8156862745098
0,131.68235294117648,155.51372549019607
0,155.05882352941177,142.47843137254904
0,142.53333333333333,128.86274509803923
0,137.32549019607842,134.76862745098038
0,126.80392156862744,116.50980392156862
0,126.07843137254902,121.91372549019607
0,142.57647058823528,143.7019607843137
0,135.75294117647059,130.90980392156862
0,136.57647058823528,154.24313725490197
0,125.7607843137255,143.02745098039216
0,145.64313725490197,135.76470588235296
0,143.05882352941177,122.4156862745098
0,128.13725490196077,125.65490196078431
0,152.58039215686276,133.74901960784314
0,115.00784313725491,144.24313725490197
0,144.74117647058824,156.25882352941176
0,131.06274509803922,144.52549019607844
0,152.6,148.90196078431373
0,147.0705882352941,158.50980392156862
0,152.7019607843137,131.01960784313724
0,127.7764705882353,132.19607843137254
0,137.72549019607843,157.5686274509804
0,124.32941176470588,149.9686274509804
0,141.65882352941176,153.94509803921568
0,129.3921568627451,131.06666666666666
0,138.25098039215686,154.98039215686276
0,147.70980392156864,132.09411764705882
0,144.0392156862745,118.07843137254902
0,121.99215686274509,147.6470588235294
0,135.31764705882352,144.45490196078433
0,137.8392156862745,127.85098039215686
0,121.03137254901961,153.89803921568628
0,133.45490196078433,155.49019607843138
0,150.3294117647059,150.79215686274512
0,141.1607843137255,122.4235294117647
0,123.72941176470589,149.1843137254902
0,133.8235294117647,148.8392156862745
0,156.06666666666666,142.23529411764707
0,141.0392156862745,130.078431372549
0,117.2156862745098,148.7294117647059
0,158.85098039215686,142.30588235294118
0,133.69803921568626,161.00392156862745
0,137.07843137254903,159.70980392156864
0,122.81176470588235,154.53333333333333
0,129.6392156862745,144.3372549019608
0,140.53333333333333,142.57254901960783
0,125.74117647058823,119.41960784313726
0,149.84313725490196,150.078431372549
0,120.2,136.4313725490196
0,126.50588235294117,145.87450980392157
0,153.25882352941176,136.69803921568626
0,140.16862745098038,143.27843137254902
0,122.13333333333334,148.48627450980393
0,149.94509803921568,131.89803921568628
0,145.86666666666667,123.07450980392157
0,125.21960784313725,144.64313725490194
0,125.87058823529412,148.078431372549
0,136.06666666666666,138.27450980392155
0,124.8156862745098,134.60392156862744
0,122.8156862745098,130.09411764705882
0,126.2078431372549,130.8392156862745
0,128.2627450980392,149.1764705882353
0,124.43529411764706,154.90196078431373
0,131.27843137254902,143.73333333333335
0,125.32941176470588,128.0313725490196
0,133.28235294117647,122.99607843137255
0,119.53725490196078,154.0862745098039
0,135.09411764705882,127.9921568627451
0,136.3843137254902,138.3686274509804
0,120.86666666666666,136.15686274509804
0,112.5921568627451,135.71764705882353
0,127.23137254901961,158.61960784313726
0,129.87058823529412,150.76078431372548
0,154.0705882352941,136.87058823529412
0,119.60392156862746,152.99607843137255
0,124.8078431372549,154.7372549019608
0,126.71372549019608,137.33333333333331
0,152.0705882352941,131.36470588235295
0,115.95686274509804,137.87450980392157
0,146.38823529411764,144.3764705882353
0,130.2980392156863,159.81176470588235
0,134.53725490196078,145.51372549019607
0,117.67843137254901,137.06666666666666
0,124.19607843137256,146.52549019607844
0,132.0,117.73333333333333
0,119.69411764705882,131.23921568627452
0,120.98823529411764,149.1058823529412
0,140.69019607843137,141.86666666666667
0,139.04705882352943,118.53333333333333
0,133.99607843137255,133.5372549019608
0,112.74509803921569,135.66274509803924
0,134.10196078431372,147.00392156862745
0,120.07843137254902,131.52941176470588
0,118.58823529411765,140.34509803921569
0,148.69803921568626,144.32941176470587
0,143.26666666666668,131.64705882352942
0,119.72156862745098,149.08235294117645
0,136.78039215686275,160.48627450980393
0,137.06666666666666,117.49803921568628
0,146.07450980392156,121.65490196078431
0,119.94901960784314,135.74117647058824
0,154.01960784313727,144.87843137254902
0,134.08235294117648,149.53725490196078
0,143.22745098039215,126.35294117647058
0,128.38823529411764,116.37647058823529
0,145.49019607843138,148.0156862745098
0,131.05490196078432,122.02352941176471
0,132.65490196078431,128.0313725490196
0,139.30980392156863,149.34901960784313
0,120.61960784313726,145.30980392156863
0,127.29019607843138,129.49803921568628
0,151.54901960784315,149.1137254901961
0,146.79607843137254,126.09411764705882
0,145.4078431372549,159.1058823529412
0,116.03921568627452,135.90588235294118
0,117.3921568627451,126.98823529411764
0,131.07843137254903,126.94901960784314
0,132.6156862745098,129.83529411764707
0,138.09019607843138,116.95686274509805
0,115.87843137254902,135.2156862745098
0,144.53333333333333,147.89019607843136
0,139.2156862745098,131.1921568627451
0,151.2549019607843,133.1450980392157
0,138.0313725490196,122.70588235294119
0,144.54901960784315,130.14901960784314
0,123.04313725490196,147.02745098039216
0,139.36470588235295,138.11764705882354
0,136.72156862745098,133.2156862745098
0,127.13333333333334,134.3450980392157
0,152.1607843137255,143.9607843137255
0,140.22745098039215,131.86666666666667
0,131.6156862745098,144.31372549019608
0,143.9764705882353,139.1607843137255
0,128.9764705882353,152.59607843137255
0,130.28235294117647,148.8862745098039
0,132.07843137254903,116.50196078431372
0,149.3843137254902,152.17254901960786
0,118.6313725490196,151.65490196078431
0,119.37647058823529,121.84313725490196
0,151.32156862745097,136.3372549019608
0,132.10980392156864,157.35686274509803
0,124.74901960784314,140.32156862745097
0,140.05882352941177,150.54901960784315
0,127.72941176470589,127.30980392156863
0,152.07450980392156,139.36470588235295
0,139.49803921568628,133.87450980392157
0,120.28627450980392,140.0156862745098
0,150.19607843137254,129.6392156862745
0,133.07450980392156,140.49411764705883
0,140.29019607843136,133.51372549019607
0,131.12156862745098,130.10980392156864
0,127.90588235294118,143.49803921568628
0,117.74117647058823,127.61568627450981
0,122.44705882352942,139.6313725490196
0,153.0313725490196,141.79607843137254
0,148.3607843137255,154.4470588235294
0,136.15686274509804,114.90196078431373
0,154.18823529411765,139.6235294117647
0,130.78823529411764,124.8235294117647
0,131.85098039215686,118.7607843137255
0,122.62745098039215,137.37254901960785
0,122.30196078431372,121.76470588235294
0,142.28235294117647,146.28235294117647
0,126.8156862745098,117.93725490196078
0,137.26666666666668,148.11764705882354
0,120.8,127.28627450980392
0,140.31372549019608,145.5921568627451
0,126.32156862745099,159.38823529411764
0,132.4156862745098,138.8549019607843
0,138.6156862745098,152.72156862745098
0,126.89803921568627,156.71372549019608
0,158.4078431372549,143.40392156862745
0,135.69019607843137,127.12941176470588
0,142.86666666666667,119.52156862745099
0,121.3921568627451,139.9686274509804
0,153.54901960784315,130.23529411764707
0,130.9686274509804,146.86274509803923
0,139.67843137254903,139.49803921568628
0,120.05098039215686,152.87058823529412
0,143.94509803921568,143.09803921568627
0,136.19607843137254,131.64705882352942
0,122.61176470588235,147.77254901960785
0,136.12941176470588,117.83529411764707
0,128.2078431372549,131.45098039215685
0,126.12156862745098,127.97647058823529
0,137.25098039215686,119.46666666666667
0,146.13333333333333,121.28627450980392
0,120.61960784313726,143.5607843137255
0,135.94117647058823,147.88235294117646
0,149.71372549019608,145.30196078431374
0,149.67843137254903,146.7372549019608
0,124.89411764705882,142.64313725490197
0,146.75686274509803,126.4470588235294
0,145.94509803921568,141.75686274509803
0,137.27058823529413,158.76862745098038
0,144.2980392156863,129.85882352941178
0,129.21176470588236,154.76078431372548
0,118.52549019607844,134.52549019607844
0,128.92156862745097,120.29803921568627
0,116.48627450980392,128.91764705882352
0,150.1137254901961,123.09803921568627
0,124.66666666666667,151.4745098039216
0,147.3372549019608,141.67843137254903
0,139.3607843137255,154.69803921568626
0,129.1137254901961,160.25098039215686
0,154.56470588235294,143.1764705882353
0,127.2078431372549,156.97254901960787
0,120.69803921568628,123.72549019607843
0,139.2941176470588,115.77254901960785
0,148.0705882352941,150.90980392156865
0,128.45490196078433,126.17254901960786
0,140.52549019607844,138.10196078431372
0,140.74901960784314,135.94509803921568
0,130.96470588235294,151.09803921568627
0,136.64313725490197,149.89019607843136
0,128.12549019607843,138.69803921568626
0,136.63529411764705,135.6705882352941
0,124.19607843137256,143.69411764705882
0,126.6470588235294,154.0392156862745
0,133.1607843137255,126.47843137254903
0,136.18039215686275,147.89803921568625
0,121.87843137254902,149.78823529411764
0,131.8156862745098,118.25098039215686
0,126.03529411764706,149.76470588235293
0,113.76470588235294,143.82745098039214
0,120.09019607843138,138.79215686274512
0,115.72156862745098,127.9764705882353
0,142.1450980392157,143.30980392156863
0,131.41960784313724,119.71764705882353
0,137.51372549019607,127.83529411764707
0,124.29411764705883,125.2156862745098
0,136.06274509803922,138.7843137254902
0,113.51372549019608,134.25098039215686
0,135.0,119.80392156862746
0,150.91372549019607,152.95686274509805
0,139.94901960784313,137.77254901960782
0,131.1764705882353,136.98039215686276
0,114.94117647058823,138.15686274509804
1,44.70196078431373,69.27058823529413
1,59.85098039215686,83.44313725490196
1,48.55294117647059,79.04313725490195
1,69.43529411764706,72.87843137254902
1,51.54117647058823,84.61176470588235
1,46.674509803921566,80.4
1,48.09803921568628,79.08235294117648
1,46.819607843137256,78.14117647058823
1,56.51764705882353,79.01176470588236
1,63.15294117647059,62.86274509803921
1,48.02745098039216,77.78823529411764
1,47.8235294117647,82.16470588235293
1,52.227450980392156,69.70980392156864
1,48.12549019607843,72.88627450980391
1,60.870588235294115,69.74117647058824
1,48.831372549019605,78.8313725490196
1,52.64705882352941,72.66666666666667
1,53.78431372549019,75.52941176470588
1,45.94117647058823,75.65490196078431
1,63.63529411764706,73.50588235294117
1,51.627450980392155,82.08627450980393
1,54.95294117647059,68.28235294117647
1,54.090196078431376,74.11764705882354
1,58.13725490196079,89.25490196078431
1,57.14509803921569,84.18039215686275
1,47.61176470588235,65.96862745098039
1,57.45490196078431,81.79607843137255
1,54.79607843137255,64.52549019607844
1,50.188235294117646,82.41568627450981
1,66.10196078431373,69.52156862745099
1,49.48627450980392,73.82745098039216
1,58.04705882352941,87.47450980392156
1,60.21568627450981,81.5764705882353
1,45.917647058823526,78.96470588235294
1,49.32941176470588,63.498039215686276
1,66.89019607843137,59.52156862745098
1,67.90588235294118,85.6313725490196
1,57.16078431372549,85.85098039215686
1,46.48235294117647,66.30588235294118
1,57.450980392156865,88.10980392156863
1,52.227450980392156,70.62745098039215
1,44.37647058823529,72.14117647058823
1,46.8078431372549,78.95686274509805
1,55.772549019607844,74.76862745098039
1,50.870588235294115,62.20392156862745
1,60.10588235294118,70.20392156862745
1,46.674509803921566,65.54509803921569
1,62.015686274509804,65.85098039215686
1,64.49803921568628,82.61176470588235
1,48.07058823529412,80.8078431372549
1,51.56078431372549,71.5529411764706
1,47.549019607843135,65.94509803921568
1,60.384313725490195,72.10980392156863
1,45.490196078431374,78.61960784313726
1,49.1921568627451,84.04705882352941
1,68.68627450980392,64.21176470588236
1,53.47843137254902,79.62352941176471
1,44.64313725490196,70.83921568627451
1,46.14509803921569,75.41960784313726
1,56.48627450980392,80.8
1,65.34901960784313,72.67450980392158
1,52.52549019607843,81.90588235294118
1,50.51764705882353,61.51372549019608
1,62.47450980392157,70.23529411764706
1,57.509803921568626,86.93333333333334
1,51.1921568627451,74.34509803921569
1,61.44313725490196,85.35686274509804
1,57.21176470588235,70.48627450980392
1,53.188235294117646,79.2235294117647
1,57.43921568627451,71.20784313725491
1,65.30980392156863,64.65098039215687
1,68.72549019607843,85.45098039215686
1,48.745098039215684,82.29803921568627
1,51.16470588235294,69.12156862745098
1,55.03137254901961,83.04313725490195
1,65.94509803921568,74.80000000000001
1,68.78039215686275,76.4235294117647
1,69.49411764705883,65.6470588235294
1,69.25098039215686,60.97254901960784
1,55.44705882352941,65.30196078431374
1,55.70980392156863,63.2
1,56.25098039215686,81.2313725490196
1,54.333333333333336,82.02352941176471
1,67.25490196078431,62.141176470588235
1,44.69803921568627,72.8549019607843
1,49.72156862745098,77.45882352941176
1,48.615686274509805,71.66274509803921
1,46.462745098039214,69.16078431372549
1,51.976470588235294,68.0156862745098
1,50.568627450980394,67.09803921568627
1,62.705882352941174,64.35294117647058
1,49.023529411764706,82.03137254901961
1,64.49019607843137,67.1686274509804
1,53.772549019607844,87.73333333333332
1,65.03529411764706,86.7607843137255
1,70.10980392156863,70.76862745098039
1,48.93333333333333,80.65098039215687
1,51.77647058823529,70.0156862745098
1,53.27450980392157,67.00392156862745
1,57.14901960784314,64.09411764705882
1,46.64313725490196,66.69803921568626
1,57.23529411764706,86.43137254901961
1,60.27843137254902,85.51372549019608
1,50.16470588235294,84.93333333333334
1,44.254901960784316,75.71764705882353
1,57.529411764705884,76.0078431372549
1,54.07450980392157,86.4
1,66.30588235294118,85.1921568627451
1,46.247058823529414,72.46274509803922
1,65.70588235294117,64.7921568627451
1,65.2392156862745,88.46274509803922
1,66.97254901960784,62.792156862745095
1,51.73725490196078,71.50588235294117
1,60.949019607843134,84.70588235294117
1,72.89019607843137,77.93725490196078
1,55.94117647058823,77.40392156862745
1,56.31372549019608,72.97254901960784
1,55.043137254901964,62.52549019607844
1,52.26274509803922,81.08235294117647
1,49.8235294117647,82.50980392156862
1,59.384313725490195,69.70980392156864
1,54.694117647058825,71.95294117647059
1,46.23137254901961,76.89411764705882
1,64.4,68.8549019607843
1,59.01176470588236,67.70980392156864
1,46.20392156862745,79.13725490196079
1,49.56078431372549,64.43137254901961
1,53.04705882352941,81.00392156862745
1,45.66274509803922,70.89411764705882
1,62.5921568627451,81.5921568627451
1,52.043137254901964,86.65882352941176
1,72.13333333333334,71.2392156862745
1,57.180392156862744,64.57254901960783
1,59.188235294117646,64.95686274509805
1,52.52549019607843,73.35686274509804
1,51.537254901960786,73.86666666666667
1,47.345098039215685,79.04313725490195
1,48.917647058823526,81.93725490196078
1,58.294117647058826,74.0078431372549
1,56.02745098039216,85.6313725490196
1,45.47450980392157,73.78039215686275
1,65.23529411764706,85.45882352941177
1,64.8156862745098,59.529411764705884
1,55.22352941176471,81.10588235294118
1,47.90588235294118,81.27058823529413
1,47.462745098039214,76.20392156862745
1,64.7921568627451,61.2
1,59.207843137254905,65.41176470588235
1,50.36470588235294,83.83529411764707
1,52.92156862745098,62.44705882352941
1,61.86666666666667,62.32941176470588
1,68.54901960784314,61.372549019607845
1,51.07450980392157,74.69019607843137
1,46.68235294117647,77.93725490196078
1,57.30980392156863,79.35686274509804
1,69.49803921568628,80.33725490196079
1,50.694117647058825,65.2
1,50.62352941176471,63.372549019607845
1,50.1764705882353,71.68627450980392
1,46.58039215686274,76.76862745098039
1,52.333333333333336,76.50196078431372
1,64.94117647058823,61.36470588235294
1,48.576470588235296,63.31764705882353
1,45.51372549019608,74.30588235294118
1,66.05490196078432,61.090196078431376
1,57.207843137254905,58.21176470588235
1,59.93333333333333,80.37647058823529
1,55.8078431372549,68.50196078431372
1,60.36862745098039,79.56078431372549
1,50.6,63.207843137254905
1,51.71764705882353,65.34117647058824
1,56.38039215686275,87.41176470588235
1,48.03921568627451,84.06274509803922
1,45.741176470588236,66.69019607843137
1,54.09411764705882,67.10588235294118
1,65.6156862745098,69.56862745098039
1,56.32156862745098,64.8235294117647
1,50.529411764705884,79.70196078431373
1,50.27843137254902,64.55686274509804
1,50.745098039215684,73.09019607843138
1,51.23137254901961,68.94117647058823
1,55.76078431372549,82.90980392156862
1,64.82745098039216,78.65098039215687
1,49.56078431372549,77.9843137254902
1,66.1686274509804,77.1450980392157
1,57.8235294117647,74.10196078431372
1,46.08627450980392,80.98039215686273
1,53.23137254901961,65.27843137254902
1,63.39607843137255,77.04313725490196
1,52.44705882352941,84.14117647058823
1,73.67450980392157,68.70588235294117
1,46.4078431372549,82.0078431372549
1,62.45882352941177,72.0
1,54.06666666666667,85.30196078431374
1,44.10980392156863,76.18039215686275
1,63.72156862745098,86.90196078431373
1,53.8156862745098,84.06274509803922
1,50.80392156862745,78.43921568627451
1,72.34901960784313,74.28235294117647
1,66.37647058823529,85.63921568627451
1,71.69803921568628,67.46666666666667
1,60.64705882352941,78.14117647058823
1,53.67058823529412,75.72549019607843
1,50.42745098039216,64.25098039215686
1,74.55686274509804,73.02745098039216
1,68.51372549019608,65.35686274509804
1,53.674509803921566,87.91372549019607
1,58.666666666666664,87.37254901960785
1,53.48627450980392,83.40392156862745
1,50.713725490196076,86.36078431372549
1,65.42745098039215,70.41568627450981
1,53.05490196078431,86.8078431372549
1,56.090196078431376,67.09803921568627
1,52.325490196078434,72.7372549019608
1,61.996078431372545,77.89019607843137
1,58.345098039215685,86.90196078431373
1,45.39607843137255,78.0392156862745
1,62.023529411764706,76.90980392156862
1,62.792156862745095,81.6
1,45.36862745098039,76.65882352941176
1,62.9921568627451,72.19607843137254
1,55.03137254901961,86.03137254901961
1,47.537254901960786,66.02352941176471
1,48.79607843137255,76.21176470588236
1,72.61960784313726,67.23137254901961
1,71.83921568627451,73.2156862745098
1,59.51764705882353,76.46274509803922
1,61.32941176470588,78.62745098039215
1,53.043137254901964,60.219607843137254
1,48.792156862745095,64.08627450980391
1,44.14901960784314,74.56470588235294
1,58.03921568627451,77.47450980392156
1,56.831372549019605,86.42352941176472
1,49.69803921568627,80.32156862745097
1,57.03137254901961,79.76470588235294
1,53.28235294117647,76.53333333333333
1,44.07450980392157,72.94117647058823
1,47.372549019607845,80.57254901960783
1,60.51372549019608,86.14117647058823
1,52.956862745098036,66.94117647058823
1,51.83529411764706,79.39607843137256
1,55.16470588235294,70.31372549019608
1,59.66274509803922,74.83137254901962
1,51.333333333333336,84.74509803921569
1,69.06274509803922,82.29019607843136
1,58.25098039215686,67.92941176470589
1,47.13333333333333,74.54117647058823
1,65.27058823529411,72.50196078431372
1,67.20392156862745,80.98039215686273
1,46.831372549019605,67.27843137254902
1,58.450980392156865,85.43529411764706
1,64.01960784313725,74.38431372549019
1,45.909803921568624,67.07450980392156
1,49.423529411764704,74.68235294117648
1,51.61176470588235,87.12156862745098
1,63.858823529411765,82.25098039215686
1,58.023529411764706,71.16078431372549
1,60.84313725490196,64.73725490196078
1,50.8156862745098,63.80392156862745
1,49.588235294117645,73.56078431372549
1,67.96078431372548,64.25098039215686
1,56.529411764705884,76.31372549019608
1,68.26274509803922,67.2392156862745
1,45.83921568627451,72.37647058823529
1,48.529411764705884,62.33725490196079
1,57.63921568627451,77.00392156862745
1,46.090196078431376,73.27058823529411
1,62.36078431372549,61.50588235294118
1,61.12549019607843,73.2392156862745
1,54.831372549019605,65.64705882352942
1,56.8156862745098,72.28235294117647
1,54.77647058823529,80.52549019607844
1,45.63921568627451,74.65882352941176
1,54.345098039215685,67.44313725490196
1,45.615686274509805,66.42352941176472
1,46.70196078431373,66.14117647058823
1,54.14509803921569,87.88235294117646
1,55.870588235294115,84.70588235294117
1,44.03137254901961,75.15294117647059
1,51.34117647058824,82.4
1,47.4078431372549,67.89803921568627
1,57.44313725490196,86.64313725490196
1,49.89019607843137,67.5764705882353
1,59.568627450980394,81.9843137254902
1,58.101960784313725,86.98039215686273
1,47.68627450980392,70.09411764705882
1,51.956862745098036,72.84705882352941
1,69.7607843137255,68.4156862745098
1,44.023529411764706,72.04705882352941
1,51.450980392156865,73.39607843137256
1,51.16078431372549,67.5764705882353
1,46.23529411764706,81.77254901960784
1,64.20392156862745,61.09803921568627
1,44.984313725490196,69.92941176470589
1,48.33725490196078,79.28627450980392
1,52.91372549019608,88.02352941176471
1,47.87843137254902,83.90588235294118
1,51.36078431372549,86.18823529411765
1,54.266666666666666,82.36078431372549
1,49.28235294117647,75.46666666666667
1,53.05490196078431,72.28235294117647
1,47.17254901960784,76.87843137254902
1,52.27843137254902,84.53333333333333
1,63.52549019607843,60.0078431372549
1,53.02745098039216,75.38039215686274
1,57.40392156862745,87.9607843137255
1,58.19607843137255,72.17254901960786
1,61.36862745098039,87.9921568627451
1,72.25490196078431,74.69019607843137
1,50.345098039215685,79.44313725490196
1,47.85098039215686,75.80392156862746
1,53.03137254901961,66.59607843137255
1,50.207843137254905,84.54901960784314
1,56.2,86.33725490196079
1,52.82745098039216,82.31372549019608
1,45.75686274509804,68.66666666666666
1,62.8235294117647,87.70196078431373
1,54.431372549019606,85.09019607843138
1,63.82745098039216,73.01176470588236
1,57.46666666666667,85.2156862745098
1,45.73725490196078,76.43137254901961
1,47.72941176470588,75.02745098039216
1,46.819607843137256,82.74509803921569
1,54.831372549019605,87.70980392156864
1,56.33725490196078,82.28235294117647
1,55.30196078431373,88.94117647058823
1,53.90196078431372,73.47450980392156
1,54.28235294117647,88.25098039215686
1,64.4235294117647,59.01176470588236
1,62.05490196078431,77.00392156862745
1,53.082352941176474,68.8549019607843
1,58.88627450980392,73.09019607843138
1,51.40392156862745,74.20392156862745
1,50.47843137254902,70.33725490196079
1,71.25882352941177,82.92549019607844
1,58.14509803921569,89.46666666666667
1,53.65882352941176,81.03529411764706
1,61.19607843137255,68.55686274509804
1,52.61176470588235,87.41176470588235
1,53.01176470588236,75.44313725490196
1,64.30588235294118,64.0235294117647
1,65.25098039215686,81.2392156862745
1,43.97254901960784,71.76470588235294
1,53.90196078431372,66.03137254901961
1,69.09019607843138,61.498039215686276
1,51.21568627450981,84.11764705882354
1,64.7764705882353,80.50196078431372
1,49.772549019607844,73.52156862745099
1,48.23921568627451,71.24705882352941
1,44.51764705882353,77.78039215686275
1,45.52549019607843,69.01176470588236
1,48.24313725490196,68.95686274509804
1,58.35294117647059,86.98039215686273
1,57.52549019607843,73.01176470588236
1,50.05490196078431,77.32549019607842
1,62.2,89.02745098039216
1,72.38039215686274,66.12549019607843
1,50.976470588235294,78.25882352941177
1,53.733333333333334,87.86666666666667
1,65.38823529411765,80.45490196078431
1,55.07058823529412,83.30196078431372
1,44.258823529411764,70.75294117647059
1,49.36862745098039,73.6313725490196
1,50.88235294117647,83.05098039215686
1,46.35294117647059,80.46274509803922
1,58.82745098039216,88.75294117647059
1,50.5921568627451,74.48627450980392
1,51.28235294117647,75.85882352941177
1,55.35686274509804,59.13725490196079
1,50.745098039215684,75.6313725490196
1,49.51764705882353,82.10196078431372
1,68.89019607843137,80.03137254901961
1,49.898039215686275,74.59607843137255
1,45.29019607843137,77.02745098039216
1,55.4156862745098,80.27450980392157
1,58.1764705882353,58.180392156862744
1,58.792156862745095,86.08627450980393
1,57.87450980392157,57.92156862745098
1,45.11372549019608,70.93333333333334
1,71.67058823529412,73.84313725490196
1,62.44705882352941,64.48627450980392
1,53.27450980392157,66.0156862745098
1,58.36470588235294,64.29019607843136
1,62.94509803921569,87.92156862745098
1,46.65882352941176,73.52156862745099
1,67.74901960784314,69.81960784313725
1,45.02745098039216,77.17647058823529
1,74.21176470588236,79.01176470588234
1,52.247058823529414,76.38431372549019
1,61.13333333333333,57.87450980392157
1,72.34901960784313,83.38039215686274
1,47.949019607843134,71.44313725490196
1,69.1686274509804,73.30196078431374
1,57.45882352941177,86.66666666666666
1,66.30980392156863,84.3921568627451
1,62.72549019607843,69.06666666666666
1,51.63921568627451,80.50196078431372
1,50.40392156862745,82.38431372549019
1,50.55686274509804,86.35294117647058
1,50.36470588235294,83.54509803921569
1,53.470588235294116,86.45490196078431
1,61.63921568627451,78.8156862745098
1,58.43529411764706,86.8156862745098
1,68.91764705882353,76.99607843137255
1,49.42745098039216,80.47843137254901
1,72.84705882352941,76.22745098039215
1,46.694117647058825,67.84313725490196
1,64.00392156862745,69.94509803921568
1,48.5843137254902,83.62352941176471
1,54.77647058823529,83.1921568627451
1,59.50588235294118,67.95294117647059
1,55.31764705882353,60.05490196078432
1,49.345098039215685,77.79607843137255
1,71.7764705882353,65.70196078431373
1,52.490196078431374,72.34509803921569
1,62.949019607843134,80.76078431372548
1,44.60392156862745,77.45098039215686
1,66.50196078431372,66.4078431372549
1,61.07450980392157,87.2627450980392
1,64.02745098039216,86.43921568627451
1,59.333333333333336,89.08235294117648
1,46.733333333333334,75.1921568627451
1,64.06274509803922,79.67058823529412
1,53.49411764705882,83.6156862745098
1,45.37647058823529,76.07058823529412
1,61.78431372549019,71.00392156862745
1,48.96862745098039,77.04313725490196
1,58.51372549019608,86.87058823529412
1,57.85098039215686,83.51372549019608
1,49.76862745098039,65.36470588235295
1,50.66274509803922,84.72156862745098
1,50.09803921568628,74.94901960784313
1,69.8156862745098,67.58431372549019
1,53.12156862745098,69.2
1,52.85490196078431,79.16078431372549
1,63.87843137254902,86.10196078431372
1,72.93725490196078,79.34901960784313
1,72.02352941176471,65.09019607843138
1,59.24313725490196,79.91372549019607
1,50.509803921568626,80.97254901960784
1,53.101960784313725,84.18039215686275
1,56.53333333333333,81.28627450980392
1,53.898039215686275,87.80392156862746
1,58.537254901960786,84.51764705882353
1,51.8078431372549,67.43529411764706
1,52.254901960784316,60.3921568627451
1,57.48235294117647,63.33333333333333
1,69.60392156862746,74.71372549019608
1,51.654901960784315,81.5764705882353
1,66.16470588235295,86.73725490196078
1,56.40392156862745,63.79607843137255
1,63.72941176470588,85.53725490196078
1,48.90196078431372,68.49411764705883
1,55.55686274509804,80.66666666666667
1,52.64313725490196,78.04705882352941
1,51.35294117647059,64.44705882352942
1,48.19607843137255,77.61568627450981
1,67.50980392156863,77.23921568627452
1,59.54117647058823,74.0156862745098
1,58.745098039215684,65.37254901960785
1,61.66274509803922,69.75686274509803
1,61.266666666666666,82.50980392156863
1,45.082352941176474,74.24313725490197
1,62.32156862745098,70.31372549019608
1,52.78431372549019,66.02352941176471
1,50.129411764705885,62.423529411764704
1,46.490196078431374,77.52156862745099
1,54.92941176470588,87.85882352941177
1,52.63921568627451,73.93725490196078
1,48.6078431372549,73.6
1,53.44705882352941,86.10980392156863
1,52.266666666666666,87.51372549019608
1,47.64313725490196,75.82745098039216
1,64.14509803921568,74.03137254901961
1,52.576470588235296,84.56470588235294
1,49.09803921568628,72.4470588235294
1,74.38039215686274,77.16862745098038
1,73.15294117647059,74.62745098039215
1,51.996078431372545,85.6078431372549
1,61.27450980392157,69.74117647058823
1,57.76470588235294,64.90980392156862
1,66.71372549019608,73.63921568627451
1,52.811764705882354,81.80392156862746
1,53.694117647058825,70.68235294117648
1,54.898039215686275,68.38431372549019
1,58.909803921568624,85.06666666666666
1,59.423529411764704,77.90588235294118
1,65.03921568627452,78.04705882352941
1,50.76862745098039,72.07843137254902
1,74.15686274509804,68.90196078431373
1,59.90196078431372,70.0
1,48.917647058823526,73.6313725490196
1,48.54117647058823,70.28235294117647
1,57.11764705882353,89.27843137254902
1,60.45490196078431,81.33333333333333
1,68.14117647058823,73.46666666666667
1,49.811764705882354,79.2156862745098
1,44.58039215686274,77.84313725490196
1,67.44705882352942,84.0078431372549
1,46.27450980392157,78.0392156862745
1,70.03921568627452,78.16470588235293
1,72.28235294117647,76.69019607843137
1,46.11764705882353,75.71764705882353
1,51.63137254901961,82.4156862745098
1,44.674509803921566,74.24313725490197
1,47.07450980392157,66.26666666666667
1,68.3843137254902,75.53725490196078
1,46.03529411764706,72.83921568627451
1,58.55686274509804,79.32549019607843
1,65.20392156862745,84.25882352941176
1,58.674509803921566,82.96470588235294
1,44.831372549019605,72.76862745098039
1,58.86274509803921,82.29019607843138
1,45.733333333333334,81.15294117647059
1,49.5843137254902,76.79215686274509
1,60.34117647058824,69.28627450980392
1,53.09411764705882,75.67843137254903
1,63.411764705882355,79.73333333333333
1,53.88235294117647,73.29411764705881
1,55.60392156862745,75.86666666666667
1,51.16078431372549,85.09803921568627
1,67.52549019607844,83.01176470588236
1,45.52549019607843,80.54117647058823
1,44.85490196078431,79.09019607843138
1,46.49411764705882,72.71372549019608
1,69.1843137254902,68.14117647058823
1,68.62745098039215,75.81960784313725
1,46.69019607843137,77.70196078431371
1,44.52549019607843,75.56078431372549
1,53.180392156862744,84.96470588235294
1,46.286274509803924,72.84705882352941
1,48.956862745098036,72.20392156862746
1,51.64705882352941,83.36470588235295
1,64.04313725490196,61.52156862745098
1,44.85490196078431,78.57254901960785
1,59.83529411764706,59.38823529411765
1,44.13333333333333,73.56862745098039
1,48.69803921568627,83.32549019607843
1,48.501960784313724,77.60784313725489
1,57.305882352941175,78.93333333333334
1,64.80392156862744,66.97254901960784
1,61.67058823529412,69.29411764705883
1,55.04705882352941,87.45882352941176
1,55.95294117647059,60.91764705882353
1,47.6078431372549,77.6
1,58.98823529411764,70.87058823529412
1,56.48627450980392,88.15686274509804
1,58.549019607843135,88.18823529411765
1,59.949019607843134,59.11372549019608
1,47.5843137254902,67.25490196078431
1,56.674509803921566,89.15294117647059
1,53.04705882352941,87.27058823529411
1,63.10980392156863,60.20392156862745
1,55.984313725490196,58.603921568627456
1,52.37647058823529,77.09019607843138
1,58.91372549019608,84.65098039215687
1,59.4156862745098,74.68235294117648
1,47.22352941176471,73.30980392156863
1,71.97647058823529,65.80392156862746
1,53.207843137254905,82.22745098039215
1,64.56470588235294,79.27843137254902
1,45.25098039215686,68.93333333333334
1,46.050980392156866,78.51764705882353
1,50.27843137254902,61.21568627450981
1,60.30980392156863,70.23529411764706
1,52.4156862745098,78.0078431372549
1,60.372549019607845,61.75686274509803
1,50.5921568627451,67.51372549019608
1,67.6078431372549,64.12549019607843
1,48.21176470588235,69.89803921568628
1,59.050980392156866,63.51372549019608
1,51.77647058823529,84.86274509803923
1,48.01176470588236,83.84313725490196
1,55.09803921568628,87.16078431372549
1,68.36078431372549,84.54117647058823
1,52.89019607843137,66.69019607843137
1,46.345098039215685,70.7764705882353
1,54.70980392156863,86.65098039215687
1,62.98823529411764,88.32941176470588
1,49.62352941176471,82.0392156862745
1,67.55294117647058,63.70980392156863
1,64.92941176470588,81.67058823529412
1,58.1843137254902,81.01960784313727
1,45.76862745098039,72.34509803921569
1,50.34117647058824,86.52549019607844
1,55.03137254901961,87.01960784313725
1,54.52156862745098,70.50196078431372
1,65.36078431372549,72.75294117647059
1,54.36862745098039,83.84313725490196
1,51.29019607843137,76.26666666666667
1,48.615686274509805,75.06666666666666
1,47.58039215686274,83.41960784313726
1,54.51764705882353,84.10980392156863
1,45.752941176470586,66.31372549019608
1,58.37647058823529,73.61568627450981
1,57.32156862745098,59.1843137254902
1,50.247058823529414,79.51372549019608
1,57.52549019607843,74.32156862745097
1,48.33725490196078,82.19607843137254
1,59.75686274509804,89.61568627450981
1,55.92941176470588,80.84705882352941
1,69.42745098039215,84.65098039215687
1,69.12156862745098,69.27843137254902
1,58.63921568627451,89.41960784313726
1,57.168627450980395,62.16470588235293
1,70.10588235294118,66.12549019607843
1,67.41176470588235,63.1921568627451
1,51.674509803921566,76.94901960784314
4,83.7843137254902,103.84313725490196
4,98.90980392156862,108.7607843137255
4,96.73725490196078,112.13333333333333
4,98.82745098039216,104.86274509803923
4,87.6470588235294,106.06274509803922
4,84.70588235294117,105.54509803921567
4,85.7607843137255,107.6705882352941
4,88.90196078431373,112.13333333333333
4,108.6,108.52549019607844
4,83.36470588235294,101.67843137254903
4,90.50980392156863,107.72549019607843
4,95.94509803921568,112.13333333333334
4,101.07843137254902,102.99607843137255
4,92.34117647058824,92.35294117647058
4,99.41568627450981,110.20392156862745
4,89.89803921568627,106.55686274509804
4,82.50196078431372,107.62352941176471
4,94.44705882352942,105.62352941176471
4,90.56078431372549,107.12941176470588
4,104.73333333333333,101.94509803921568
4,100.30588235294118,116.10980392156863
4,101.47843137254903,107.03529411764706
4,85.40392156862745,94.3921568627451
4,89.32941176470588,99.64705882352942
4,86.52156862745097,104.23529411764706
4,90.61960784313726,110.69803921568628
4,87.62352941176471,113.66274509803921
4,103.96470588235294,104.20392156862745
4,91.9843137254902,93.79607843137255
4,92.47450980392156,109.1843137254902
4,105.85882352941177,107.39607843137256
4,97.29411764705883,116.89411764705882
4,101.7764705882353,111.34901960784313
4,87.10196078431373,101.26274509803922
4,90.87058823529412,91.95294117647059
4,88.15686274509804,100.65882352941176
4,83.45882352941176,109.69411764705882
4,104.05098039215686,112.03137254901961
4,100.05490196078432,113.08235294117648
4,87.66666666666667,105.5921568627451
4,103.27058823529411,95.34117647058824
4,98.92941176470588,103.40392156862745
4,84.6078431372549,109.97647058823529
4,99.96470588235294,114.41568627450981
4,95.00392156862745,115.94509803921568
4,84.93333333333334,96.17254901960784
4,91.66274509803921,109.83529411764707
4,105.30588235294118,102.64313725490197
4,84.24705882352941,112.61960784313726
4,91.98039215686275,102.14117647058823
4,107.05098039215686,110.30588235294118
4,97.1686274509804,101.6313725490196
4,100.66274509803921,105.92156862745098
4,101.27843137254902,110.01568627450979
4,85.96470588235294,104.8549019607843
4,98.83529411764705,114.3607843137255
4,97.44705882352942,106.3529411764706
4,87.12941176470588,94.05490196078432
4,99.13333333333334,100.46274509803922
4,107.14901960784314,111.9921568627451
4,84.83921568627451,99.63921568627451
4,91.49803921568628,94.4
4,90.93333333333334,104.94117647058823
4,83.72941176470589,100.47843137254901
4,83.94509803921568,100.50196078431372
4,92.1686274509804,111.41176470588235
4,93.15686274509804,96.89411764705882
4,95.01960784313725,111.38823529411765
4,88.88235294117646,106.10196078431372
4,91.3921568627451,100.8235294117647
4,83.05098039215686,105.70980392156864
4,104.83529411764705,112.50196078431372
4,85.17647058823529,107.67058823529412
4,91.96470588235294,91.80392156862744
4,99.52156862745097,110.29019607843136
4,87.75294117647059,112.04705882352941
4,89.02352941176471,103.51372549019608
4,102.71372549019608,93.01960784313725
4,103.1686274509804,101.2392156862745
4,88.35686274509804,112.68235294117648
4,102.42745098039215,115.2235294117647
4,101.14117647058823,104.37647058823529
4,84.75686274509803,105.30980392156863
4,88.88235294117646,91.83529411764707
4,92.40392156862745,109.81176470588235
4,88.70588235294117,112.66666666666666
4,91.58823529411765,97.2235294117647
4,87.90980392156862,95.41960784313726
4,86.59607843137255,100.3686274509804
4,91.46666666666667,94.29803921568627
4,84.14117647058823,100.18823529411765
4,108.30980392156863,101.04313725490195
4,90.34509803921569,103.69411764705882
4,89.05098039215686,112.53333333333333
4,101.05490196078432,100.92549019607844
4,88.58823529411765,103.04313725490195
4,99.25490196078431,112.67450980392157
4,95.0156862745098,110.32156862745097
4,88.62745098039215,100.87058823529412
4,86.26666666666667,104.86274509803923
4,92.63921568627451,93.01176470588236
4,104.4,94.62745098039215
4,107.6156862745098,103.23921568627452
4,105.50980392156863,104.31372549019608
4,90.07450980392157,111.38039215686274
4,96.12941176470588,113.13725490196079
4,91.11764705882354,99.05882352941177
4,88.78039215686275,108.32941176470588
4,104.53333333333333,111.74117647058824
4,109.52549019607844,104.50980392156862
4,102.96078431372548,114.92549019607844
4,102.7843137254902,108.33725490196079
4,98.50980392156863,113.09019607843138
4,95.53333333333333,111.11372549019607
4,88.13725490196079,100.12549019607843
4,99.93725490196078,101.27843137254902
4,99.99607843137255,105.45882352941177
4,83.48627450980392,100.89411764705882
4,92.72156862745098,110.15686274509804
4,100.88627450980393,106.10196078431372
4,105.12156862745098,110.0156862745098
4,89.28235294117647,101.07450980392157
4,84.77254901960784,110.84705882352941
4,96.56470588235294,106.33725490196079
4,98.52941176470588,112.02352941176471
4,106.13725490196079,96.68235294117648
4,108.25098039215686,104.7843137254902
4,89.67450980392157,105.46666666666667
4,102.45098039215686,92.70588235294117
4,87.75686274509803,102.76078431372548
4,100.69803921568628,111.71764705882353
4,92.10196078431373,106.87843137254902
4,89.2156862745098,99.52941176470588
4,105.53725490196078,108.87843137254902
4,86.04705882352941,109.2392156862745
4,83.93725490196078,105.89803921568628
4,95.12941176470588,111.88235294117646
4,91.75294117647059,103.34117647058824
4,84.23137254901961,104.34509803921569
4,96.96862745098039,116.72941176470589
4,84.08627450980393,96.29803921568627
4,98.52549019607844,98.79215686274509
4,102.52549019607844,110.21960784313725
4,98.07450980392157,111.97647058823529
4,102.86274509803921,112.82352941176471
4,89.48235294117647,92.7764705882353
4,88.54901960784314,115.69411764705882
4,93.6,97.34901960784313
4,87.28235294117647,98.85490196078432
4,108.7921568627451,108.62745098039215
4,94.11372549019607,114.56470588235294
4,95.0,99.5764705882353
4,83.00784313725491,104.27450980392157
4,102.43137254901961,108.38431372549019
4,102.71764705882353,109.12941176470588
4,106.34509803921569,103.05882352941177
4,87.02352941176471,106.76078431372548
4,98.54509803921569,102.7764705882353
4,91.28627450980392,104.7764705882353
4,88.78823529411764,92.91764705882352
4,97.33333333333333,111.43529411764706
4,91.27843137254902,117.00392156862745
4,104.11372549019607,100.43921568627451
4,100.83529411764705,115.94509803921568
4,92.4235294117647,96.05490196078432
4,82.27843137254902,108.18039215686275
4,91.65098039215687,99.6705882352941
4,86.13333333333334,104.94901960784313
4,92.05490196078432,115.05882352941177
4,81.37254901960785,105.07450980392156
4,106.11372549019607,110.54117647058824
4,94.78039215686275,112.21960784313725
4,89.11764705882354,102.88627450980393
4,92.78823529411764,103.44313725490196
4,102.85098039215686,115.6313725490196
4,95.7764705882353,109.91372549019607
4,95.92941176470588,101.92941176470589
4,102.75686274509803,105.70196078431371
4,92.98039215686275,96.69019607843137
4,93.00784313725491,117.56078431372549
4,83.85098039215686,105.50588235294117
4,83.00392156862745,104.69019607843137
4,88.73725490196078,104.61176470588236
4,104.42745098039215,114.49411764705883
4,96.07843137254902,100.8549019607843
4,100.2,115.2156862745098
4,88.78039215686275,93.86666666666667
4,86.10196078431373,102.8078431372549
4,101.76470588235294,111.78039215686275
4,96.82745098039216,116.27450980392157
4,86.61176470588235,104.88627450980391
4,90.31372549019608,101.6078431372549
4,87.36078431372549,108.47843137254901
4,82.14509803921568,101.74901960784314
4,101.56470588235294,114.87058823529412
4,88.49019607843137,95.09803921568627
4,93.21176470588236,99.68627450980392
4,82.30980392156863,100.69803921568626
4,101.92156862745098,106.23529411764706
4,92.32549019607843,116.47843137254903
4,97.3686274509804,114.39215686274511
4,84.11764705882354,97.40392156862745
4,99.24313725490197,110.89411764705882
4,104.50588235294117,114.46274509803922
4,90.18039215686275,100.70588235294119
4,91.78039215686275,105.56078431372549
4,90.02745098039216,96.47843137254901
4,91.30588235294118,96.8078431372549
4,90.17254901960784,94.71372549019608
4,92.89803921568627,114.4078431372549
4,94.84705882352941,112.69803921568628
4,103.08235294117647,110.98823529411766
4,97.39607843137254,107.42745098039217
4,86.07058823529412,110.87843137254902
4,102.58431372549019,114.8313725490196
4,93.41568627450981,97.03529411764706
4,97.12549019607843,93.6313725490196
4,87.03921568627452,108.43137254901961
4,94.1843137254902,97.69411764705882
4,89.13725490196079,93.62352941176471
4,97.48235294117647,95.5921568627451
4,86.87058823529412,115.41960784313726
4,99.64313725490196,99.55294117647058
4,96.11764705882354,103.67058823529412
4,95.66666666666667,111.5529411764706
4,88.52156862745097,97.30196078431374
4,89.26274509803922,110.71372549019608
4,102.4,107.40392156862745
4,84.82745098039216,104.87058823529412
4,106.89803921568627,112.43921568627451
4,86.05098039215686,101.50588235294117
4,93.82352941176471,102.65098039215687
4,84.66666666666667,98.90196078431373
4,99.90196078431373,107.09803921568627
4,91.51764705882353,98.67450980392157
4,101.2235294117647,105.10588235294118
4,100.37647058823529,99.25490196078431
4,103.85098039215686,105.39607843137256
4,92.02352941176471,109.43529411764706
4,98.12156862745098,113.91372549019607
4,102.83921568627451,116.04705882352941
4,103.8313725490196,108.75294117647059
4,102.73333333333333,108.96470588235294
4,99.13725490196079,117.15294117647059
4,95.84705882352941,110.0
4,96.25098039215686,94.56470588235294
4,97.7921568627451,109.5843137254902
4,102.10980392156863,109.01960784313727
4,89.49019607843137,108.92549019607844
4,99.14509803921568,109.45882352941177
4,96.40392156862745,94.21960784313725
4,108.55294117647058,105.12156862745098
4,92.24313725490197,95.2
4,97.91764705882353,96.86274509803921
4,98.2078431372549,105.13725490196079
4,97.6,98.72156862745098
4,92.14901960784314,108.8235294117647
4,90.8,91.02745098039216
4,83.1843137254902,104.90196078431373
4,108.95686274509804,100.56470588235294
4,95.24705882352941,96.83137254901962
4,98.32941176470588,105.1921568627451
4,86.56862745098039,110.46274509803922
4,98.90196078431373,116.0392156862745
4,87.72156862745098,95.30196078431372
4,98.84313725490196,100.24313725490197
4,89.02745098039216,110.4156862745098
4,97.76470588235294,100.33725490196079
4,88.13333333333334,100.04705882352941
4,94.19607843137256,93.70980392156864
4,99.72941176470589,100.69803921568626
4,100.14901960784314,116.83921568627451
4,100.85882352941177,108.93333333333334
4,97.81176470588235,101.27843137254902
4,103.60392156862746,109.70196078431371
4,95.70980392156862,104.30588235294118
4,96.91764705882353,109.66274509803921
4,106.44313725490196,105.38823529411764
4,92.29803921568627,96.29803921568627
4,86.7921568627451,102.48627450980392
4,94.72156862745098,117.1843137254902
4,99.93333333333334,103.90588235294118
4,100.54117647058824,112.8549019607843
4,99.96078431372548,105.86666666666667
4,96.63921568627451,111.47450980392156
4,91.45882352941176,110.89411764705882
4,81.64313725490196,103.87450980392157
4,88.34509803921569,98.37647058823529
4,91.93725490196078,100.22745098039215
4,93.82745098039216,91.81176470588235
4,96.90588235294118,115.10588235294117
4,92.27843137254902,101.5529411764706
4,85.1686274509804,106.03137254901961
4,102.09803921568627,110.58039215686276
4,99.41176470588235,113.9921568627451
4,96.23529411764706,104.8313725490196
4,88.02745098039216,110.54117647058823
4,101.24313725490197,101.58431372549019
4,84.28235294117647,102.86274509803921
4,96.27843137254902,111.93725490196078
4,97.26274509803922,106.22745098039215
4,93.31372549019608,107.07450980392156
4,93.0,109.50588235294117
4,99.28627450980392,103.24705882352941
4,86.62745098039215,103.62352941176471
4,83.82745098039216,101.01960784313725
4,104.42745098039215,95.31764705882352
4,90.33333333333333,102.7372549019608
4,96.04705882352941,112.29019607843136
4,87.2235294117647,106.53333333333333
4,89.37647058823529,115.11372549019609
4,101.49019607843137,108.32156862745099
4,103.60392156862746,99.72549019607843
4,81.90588235294118,107.67843137254903
4,88.15686274509804,108.3921568627451
4,86.29411764705883,106.70588235294117
4,90.6470588235294,107.70980392156864
4,90.95294117647059,99.50588235294117
4,101.29803921568627,101.27058823529413
4,87.6470588235294,110.98823529411766
4,91.89803921568627,114.06274509803922
4,88.34509803921569,111.36470588235294
4,92.84313725490196,112.36078431372549
4,86.3686274509804,112.87843137254902
4,91.43921568627451,114.7921568627451
4,96.70980392156862,101.20784313725491
4,96.56078431372549,99.48235294117646
4,97.18039215686275,113.2627450980392
4,93.93333333333334,90.61960784313726
4,85.72156862745098,112.17254901960784
4,99.48235294117647,116.90980392156862
4,85.44705882352942,108.43137254901961
4,94.73725490196078,98.37647058823529
4,90.82352941176471,102.49411764705883
4,86.41176470588235,97.2627450980392
4,90.92941176470588,117.51372549019608
4,105.30980392156863,107.78039215686275
4,94.86666666666666,101.6078431372549
4,92.81960784313725,117.5764705882353
4,86.5921568627451,108.94901960784314
4,87.00784313725491,93.82745098039216
4,86.00784313725491,113.72549019607843
4,98.3529411764706,110.84705882352941
4,85.3843137254902,114.02352941176471
4,86.21960784313725,95.56078431372549
4,92.06274509803922,90.37647058823529
4,84.87843137254902,99.6313725490196
4,84.49019607843137,110.91764705882353
4,95.4078431372549,106.7921568627451
4,102.33725490196079,96.55686274509804
4,81.83529411764705,107.35686274509803
4,87.28235294117647,108.17254901960784
4,87.11764705882354,105.65490196078431
4,86.96470588235294,104.27450980392157
4,106.3843137254902,102.65098039215687
4,92.47058823529412,103.84313725490196
4,85.96470588235294,97.54509803921569
4,100.23137254901961,96.93333333333334
4,99.45490196078431,115.77254901960784
4,100.6156862745098,99.29411764705883
4,89.04705882352941,109.56078431372549
4,85.1921568627451,96.55686274509804
4,99.65882352941176,99.86666666666667
4,92.51764705882353,117.08235294117648
4,96.29803921568627,102.98039215686273
4,99.8078431372549,111.43529411764706
4,102.01960784313725,113.05882352941177
4,91.08235294117647,92.16470588235293
4,86.18039215686275,102.72156862745098
4,93.14117647058823,100.15686274509804
4,105.86666666666666,100.14117647058823
4,102.10196078431373,111.31764705882352
4,85.83529411764705,108.03137254901961
4,83.63529411764706,99.30980392156863
4,97.48235294117647,106.67450980392155
4,89.12549019607843,96.14117647058823
4,95.07058823529412,112.33725490196079
4,99.93725490196078,96.28235294117647
4,96.98823529411764,101.32549019607843
4,84.03137254901961,99.52156862745099
4,89.06666666666666,112.61176470588235
4,83.14901960784314,101.34901960784313
4,102.39607843137254,107.48235294117646
4,91.29019607843138,91.5843137254902
4,83.38039215686274,97.5921568627451
4,97.38823529411765,117.75686274509803
4,106.08235294117647,98.3921568627451
4,93.8,113.82745098039216
4,86.26666666666667,111.72549019607843
4,98.77254901960784,106.4470588235294
4,104.6078431372549,106.72156862745098
4,84.47058823529412,101.87450980392157
4,98.40392156862745,98.19607843137254
4,93.46666666666667,97.58431372549019
4,95.15686274509804,114.8313725490196
4,83.2,100.63529411764705
4,102.5921568627451,110.90980392156862
4,86.75294117647059,97.80392156862746
4,88.7843137254902,95.02745098039216
4,101.80392156862744,105.53725490196078
4,89.30980392156863,107.76470588235294
4,98.35686274509804,99.89019607843137
4,97.94509803921568,110.05490196078432
4,86.89803921568627,106.8235294117647
4,98.51764705882353,107.30980392156863
4,87.85098039215686,104.47843137254903
4,100.6,98.62745098039215
4,89.17254901960784,92.84705882352941
4,83.12156862745098,103.24705882352941
4,94.4,105.2156862745098
4,106.48235294117647,108.11764705882354
4,95.88627450980393,95.05882352941177
4,102.15294117647059,109.45882352941177
4,89.68235294117648,100.36078431372549
4,93.13333333333334,113.05882352941177
4,88.65098039215687,108.30588235294118
4,82.87450980392157,100.70588235294117
4,105.55686274509804,112.28235294117647
4,107.87843137254902,103.05882352941177
4,95.44705882352942,114.11764705882354
4,101.31764705882352,113.04313725490196
4,90.34901960784313,115.37254901960785
4,95.53725490196078,102.00784313725491
4,92.10980392156863,98.55686274509804
4,105.03137254901961,93.81176470588235
4,94.39607843137254,110.18823529411765
4,105.17647058823529,101.81176470588235
4,97.62745098039215,107.06666666666666
4,107.49019607843137,105.13725490196079
4,96.7607843137255,113.11372549019609
4,94.01176470588236,117.43529411764706
4,86.34117647058824,100.83921568627451
4,102.4,107.43529411764706
4,93.6313725490196,99.96862745098039
4,104.86274509803921,111.93725490196078
4,98.52549019607844,114.94117647058823
4,101.87450980392157,101.92156862745098
4,82.13333333333334,103.10588235294118
4,95.19607843137256,107.86666666666667
4,98.50196078431372,111.1450980392157
4,91.7764705882353,104.24313725490197
4,87.88235294117646,102.25882352941176
4,98.92156862745098,101.83529411764707
4,101.88235294117646,111.6
4,83.37254901960785,100.35294117647058
4,99.69019607843137,98.33725490196079
4,85.27843137254902,112.8549019607843
4,105.43137254901961,112.23529411764706
4,103.79607843137255,111.34117647058824
4,99.48627450980392,92.13333333333333
4,99.81960784313725,110.28235294117647
4,83.52156862745097,96.8549019607843
4,100.30588235294118,105.52941176470588
4,98.45098039215686,112.74509803921569
4,98.12156862745098,115.6705882352941
4,91.70196078431373,115.28627450980392
4,95.73725490196078,102.47843137254901
4,97.97647058823529,109.6392156862745
4,93.97254901960784,98.39215686274511
4,83.3529411764706,105.92156862745098
4,99.60392156862746,111.6313725490196
4,90.79607843137255,97.24705882352941
4,100.04705882352941,116.06274509803922
4,89.50980392156863,95.6313725490196
4,87.48235294117647,93.32549019607843
4,98.70980392156862,115.67058823529412
4,101.6313725490196,116.34509803921569
4,92.45490196078431,108.91764705882353
4,91.3921568627451,93.6078431372549
4,87.31764705882352,114.79215686274509
4,92.33725490196079,95.69411764705882
4,87.08235294117647,98.4470588235294
4,96.47450980392156,110.25098039215686
4,89.16470588235295,107.91372549019607
4,87.90196078431373,101.35686274509804
4,102.10980392156863,95.82745098039216
4,93.78823529411764,109.81960784313725
4,85.31372549019608,103.12941176470588
4,84.25882352941177,96.45490196078431
4,92.16470588235295,112.73725490196078
4,96.18823529411765,99.96862745098039
4,97.70196078431373,109.9921568627451
4,82.13333333333334,106.36078431372549
4,103.7921568627451,102.94117647058823
4,101.53725490196078,104.7686274509804
4,86.89411764705882,93.1921568627451
4,96.71372549019608,110.03137254901961
4,101.61960784313726,101.30196078431374
4,87.56078431372549,111.24705882352941
4,100.81960784313725,117.07450980392159
4,90.35686274509804,93.5529411764706
4,86.02745098039216,104.0156862745098
4,86.18823529411765,112.65098039215687
4,99.34509803921569,113.69411764705882
4,101.35686274509804,101.24705882352941
4,90.55686274509804,111.6
4,82.49803921568628,98.98039215686273
4,84.07450980392157,101.9607843137255
4,91.1843137254902,101.86666666666667
4,97.52549019607844,104.75294117647059
4,84.81960784313725,109.13725490196077
4,83.45490196078431,102.31372549019608
4,92.68627450980392,94.61176470588235
4,87.10588235294118,104.30588235294118
4,106.20392156862745,110.74509803921569
4,96.3921568627451,95.80392156862746
4,104.86666666666666,113.67843137254903
4,103.51372549019608,99.78039215686275
4,91.63529411764706,107.69411764705882
4,95.04705882352941,108.22745098039215
4,88.00392156862745,109.95294117647059
4,100.0156862745098,100.03137254901961
4,96.07843137254902,99.45098039215685
4,86.83529411764705,104.48627450980392
4,97.95686274509804,106.18039215686275
4,93.62352941176471,116.71372549019608
4,103.7921568627451,102.50980392156862
4,98.46274509803922,111.1764705882353
4,93.7607843137255,107.53725490196078
4,95.7843137254902,100.18823529411765
4,103.37254901960785,112.3843137254902
4,91.18039215686275,112.4470588235294
4,84.2392156862745,99.83529411764707
4,104.85490196078432,110.89411764705883
4,103.33333333333333,109.33333333333334
4,95.50588235294117,113.00392156862745
4,89.52941176470588,114.85490196078432
4,92.59607843137255,115.30980392156863
4,84.07450980392157,109.52941176470588
4,107.14117647058823,99.82745098039216
4,90.29411764705883,100.51764705882354
4,94.09019607843138,114.89411764705882
4,105.29411764705883,102.04705882352941
4,89.85882352941177,93.05882352941177
4,107.2156862745098,109.67058823529412
4,92.91372549019607,107.6313725490196
4,106.62352941176471,99.92156862745098
4,100.58431372549019,112.97254901960784
4,93.03529411764706,103.00392156862745
4,94.78823529411764,116.79215686274509
4,86.83921568627451,98.62745098039215
4,91.56078431372549,108.8
4,96.61176470588235,103.89019607843137
4,85.58823529411765,94.44705882352942
4,103.93333333333334,97.6313725490196
4,96.11764705882354,114.83921568627451
4,99.50980392156863,113.2235294117647
4,87.54509803921569,94.62745098039215
4,99.97254901960784,108.50196078431372
4,95.4078431372549,108.21176470588236
4,87.2156862745098,94.32941176470588
4,88.48235294117647,103.12941176470588
4,88.93725490196078,115.52156862745097
4,105.71764705882353,113.81176470588235
4,83.02352941176471,109.50588235294117
4,82.40392156862745,105.10588235294117
4,100.89411764705882,113.6078431372549
4,105.1843137254902,95.36470588235295
4,88.38823529411765,99.35686274509804
4,97.49019607843137,93.39607843137256
4,87.6313725490196,95.78823529411764
4,102.2078431372549,114.3921568627451
4,103.47450980392156,98.56470588235294
4,103.53725490196078,103.71764705882353
4,105.94117647058823,107.40392156862745
4,105.97647058823529,100.02352941176471
4,98.06274509803922,117.67058823529412
4,87.85882352941177,95.00392156862745
4,89.67450980392157,105.51372549019608
4,83.07450980392157,110.43137254901961
4,95.92941176470588,117.5843137254902
4,89.72549019607843,95.39607843137256
4,90.2,109.6470588235294
4,104.1921568627451,106.21176470588236
4,93.55686274509804,104.13333333333333
4,103.6156862745098,110.7764705882353
4,84.83529411764705,97.31764705882352
5,97.87843137254902,121.03529411764706
5,103.55686274509804,134.3372549019608
5,108.64313725490196,115.81960784313725
5,107.83921568627451,133.4823529411765
5,108.45882352941176,127.71764705882353
5,88.75294117647059,136.35294117647058
5,102.29411764705883,134.65882352941176
5,93.55686274509804,127.56862745098039
5,92.17254901960784,125.5843137254902
5,93.03137254901961,121.33333333333334
5,93.47058823529412,113.49803921568628
5,93.59607843137255,123.25490196078431
5,84.6313725490196,122.93333333333334
5,101.23137254901961,130.05490196078432
5,98.31372549019608,130.61960784313726
5,101.82745098039216,136.20392156862744
5,95.49803921568628,114.52549019607844
5,87.80392156862744,127.97647058823529
5,91.32941176470588,116.03921568627452
5,101.58823529411765,122.89411764705882
5,86.63921568627451,132.52549019607844
5,106.84705882352941,128.04705882352943
5,93.3843137254902,134.4
5,110.27843137254902,135.67843137254903
5,113.7921568627451,133.16862745098038
5,92.46666666666667,131.69411764705882
5,88.37254901960785,132.25098039215686
5,107.36078431372549,133.44313725490196
5,97.4078431372549,128.50980392156862
5,95.41176470588235,139.0980392156863
5,106.9843137254902,126.65882352941176
5,114.01960784313725,127.28627450980392
5,112.9843137254902,117.51372549019608
5,91.87450980392157,133.91372549019607
5,106.40392156862745,124.71372549019608
5,107.96078431372548,116.63529411764705
5,94.00784313725491,130.61960784313726
5,92.27843137254902,120.0392156862745
5,101.28627450980392,121.53725490196078
5,103.17254901960784,110.14901960784314
5,99.00392156862745,134.56470588235294
5,115.12156862745098,134.4
5,109.38039215686274,123.87450980392157
5,97.45098039215686,111.41176470588235
5,88.52549019607844,123.28627450980392
5,100.78823529411764,126.02352941176471
5,95.45882352941176,121.29411764705883
5,91.8078431372549,136.26666666666668
5,106.8156862745098,133.71764705882353
5,95.86666666666666,127.2156862745098
5,95.41176470588235,129.90588235294118
5,95.94117647058823,137.32549019607842
5,86.75686274509803,124.64313725490197
5,105.31764705882352,135.9607843137255
5,91.3921568627451,125.30980392156863
5,95.56470588235294,139.12941176470588
5,102.48627450980392,125.75686274509803
5,99.40392156862745,117.88235294117646
5,107.72549019607843,119.12156862745098
5,85.94901960784314,130.26666666666665
5,98.11372549019607,128.98039215686276
5,92.29019607843138,132.09411764705882
5,102.92549019607843,133.90588235294118
5,102.6313725490196,122.32156862745097
5,103.43921568627451,138.21960784313725
5,98.18823529411765,129.6392156862745
5,101.04705882352941,122.90196078431373
5,110.25882352941177,111.41176470588235
5,98.46274509803922,134.68235294117648
5,98.01176470588236,131.75686274509803
5,99.88627450980393,110.10980392156864
5,91.70588235294117,124.58039215686276
5,107.47058823529412,128.7843137254902
5,105.74117647058823,129.6392156862745
5,103.52941176470588,129.01176470588234
5,102.72549019607843,118.59607843137255
5,94.12941176470588,137.13725490196077
5,102.6156862745098,122.54901960784315
5,97.94901960784314,141.13725490196077
5,109.2392156862745,130.46274509803922
5,94.30588235294118,117.2
5,103.36470588235294,123.24705882352941
5,103.69803921568628,137.33333333333331
5,104.98823529411764,124.0392156862745
5,108.18823529411765,139.09803921568627
5,97.24313725490197,136.18823529411765
5,100.0,139.60784313725492
5,98.61176470588235,128.69803921568626
5,91.32941176470588,123.45882352941176
5,106.2392156862745,140.98823529411766
5,89.78039215686275,134.01568627450982
5,95.29019607843138,127.52156862745099
5,108.31764705882352,131.7019607843137
5,88.99607843137255,121.15294117647059
5,90.39607843137254,112.71372549019608
5,96.21176470588236,129.2313725490196
5,94.83529411764705,138.48627450980393
5,104.42745098039215,138.49411764705883
5,96.62745098039215,125.43529411764706
5,84.9843137254902,128.478431372549
5,102.28627450980392,131.2156862745098
5,88.81960784313725,134.8862745098039
5,89.39607843137254,113.27058823529413
5,90.1843137254902,112.90980392156862
5,97.29411764705883,119.12941176470588
5,100.49019607843137,137.20784313725488
5,102.47058823529412,113.02745098039216
5,116.25882352941177,131.35686274509806
5,106.89019607843137,129.7019607843137
5,89.67450980392157,125.36470588235294
5,109.05490196078432,135.33333333333334
5,106.88627450980393,133.2156862745098
5,92.6078431372549,122.66666666666667
5,92.28235294117647,115.15294117647059
5,100.33333333333333,120.54117647058824
5,100.02745098039216,117.77254901960785
5,106.10196078431373,118.05490196078432
5,107.27450980392157,124.94901960784314
5,111.03921568627452,120.46274509803922
5,91.69803921568628,123.2627450980392
5,89.15686274509804,119.19999999999999
5,99.84705882352941,121.50588235294117
5,109.04313725490196,123.85098039215686
5,113.21960784313725,120.65882352941176
5,110.06666666666666,139.01960784313724
5,91.95294117647059,116.4
5,103.89411764705882,141.44313725490196
5,96.31372549019608,113.95294117647059
5,93.6078431372549,132.10196078431375
5,94.31372549019608,131.52941176470588
5,92.23529411764706,125.9921568627451
5,96.2235294117647,126.11764705882354
5,102.05098039215686,125.74117647058824
5,100.81960784313725,126.46274509803922
5,116.8156862745098,123.76470588235293
5,90.00784313725491,122.4470588235294
5,117.10196078431373,123.58431372549019
5,106.6,111.40392156862745
5,99.79607843137255,121.05882352941177
5,87.96862745098039,116.13333333333333
5,107.2156862745098,135.67058823529413
5,107.32156862745099,112.09411764705882
5,89.26274509803922,118.72156862745098
5,88.99607843137255,133.44313725490196
5,100.38039215686274,137.2156862745098
5,93.82352941176471,120.56470588235294
5,88.83529411764705,119.2392156862745
5,94.6,122.25098039215686
5,110.90980392156862,123.48235294117649
5,99.37254901960785,131.79607843137256
5,88.26666666666667,117.9921568627451
5,103.24313725490197,138.69803921568626
5,116.5921568627451,118.8235294117647
5,87.3686274509804,120.3921568627451
5,90.17254901960784,126.68235294117648
5,88.65098039215687,131.2
5,100.70980392156862,129.03529411764706
5,97.26274509803922,116.29803921568629
5,92.6470588235294,129.89019607843136
5,85.24705882352941,125.97647058823529
5,89.37254901960785,131.40392156862745
5,107.47058823529412,115.75686274509803
5,95.72156862745098,130.46274509803922
5,108.43921568627451,117.14509803921568
5,93.2156862745098,121.23137254901961
5,95.89019607843137,139.20784313725488
5,95.37647058823529,120.58823529411764
5,98.86274509803921,112.47843137254901
5,110.01960784313725,127.6156862745098
5,99.8,128.3843137254902
5,92.61176470588235,115.56862745098039
5,98.45882352941176,120.30588235294118
5,98.84705882352941,111.5529411764706
5,86.43137254901961,122.10980392156863
5,92.51372549019608,120.76078431372548
5,100.05490196078432,117.01176470588236
5,97.69411764705882,131.6392156862745
5,92.68627450980392,133.82745098039214
5,104.8156862745098,125.72549019607843
5,97.19607843137256,114.89411764705882
5,105.90196078431373,119.79607843137254
5,112.25490196078431,135.49803921568628
5,85.75686274509803,130.79215686274512
5,116.56470588235294,127.31764705882352
5,97.8313725490196,141.04313725490198
5,95.08627450980393,120.80000000000001
5,115.27843137254902,133.81960784313725
5,96.45098039215686,116.68235294117648
5,86.0,124.7372549019608
5,100.2235294117647,127.16078431372549
5,105.47058823529412,122.3686274509804
5,89.02745098039216,116.21960784313725
5,103.06274509803922,118.08627450980391
5,94.98039215686275,132.22745098039215
5,88.37254901960785,127.62352941176471
5,91.68627450980392,137.37254901960785
5,88.27843137254902,130.7450980392157
5,90.44313725490196,136.76862745098038
5,102.56862745098039,119.02745098039216
5,99.50196078431372,133.78039215686275
5,100.9843137254902,131.01176470588234
5,112.63529411764706,117.6078431372549
5,109.01960784313725,116.25098039215686
5,104.0156862745098,131.20784313725488
5,92.12941176470588,123.9921568627451
5,92.16078431372549,120.58823529411765
5,88.04313725490196,117.38039215686274
5,93.24705882352941,115.64705882352942
5,91.30588235294118,136.90196078431373
5,89.14509803921568,135.5607843137255
5,111.80392156862744,133.31764705882352
5,104.2078431372549,118.25098039215686
5,95.67058823529412,112.98823529411764
5,96.44313725490196,121.75686274509803
5,115.81960784313725,126.65098039215687
5,102.13725490196079,122.21176470588236
5,107.68627450980392,128.79215686274512
5,85.75294117647059,128.8862745098039
5,94.03529411764706,120.30588235294118
5,90.05098039215686,113.6156862745098
5,104.1843137254902,114.43921568627451
5,94.01960784313725,129.92156862745097
5,109.4,129.5529411764706
5,95.01176470588236,139.6470588235294
5,85.99215686274509,130.54901960784315
5,108.29019607843138,111.81960784313726
5,103.2235294117647,125.81176470588235
5,97.90196078431373,130.57254901960783
5,86.72549019607843,128.24313725490197
5,88.72156862745098,114.22745098039215
5,106.89803921568627,112.67450980392155
5,87.03137254901961,129.81960784313725
5,107.43137254901961,137.5921568627451
5,113.7921568627451,118.34509803921569
5,93.78039215686275,137.09019607843138
5,86.70588235294117,130.77647058823527
5,111.5921568627451,125.27843137254902
5,100.60392156862746,119.72549019607844
5,85.84705882352941,124.30588235294118
5,85.49803921568628,120.19607843137254
5,97.80392156862744,133.80392156862746
5,104.2,123.65490196078431
5,87.37647058823529,126.22745098039215
5,103.51764705882353,129.01176470588234
5,93.27058823529411,124.50196078431372
5,104.95686274509804,137.9921568627451
5,97.29019607843138,138.3372549019608
5,110.86666666666666,137.37254901960785
5,86.09803921568627,129.08235294117645
5,110.54901960784314,128.50980392156862
5,87.04705882352941,123.49019607843138
5,96.26274509803922,136.49411764705883
5,88.12549019607843,118.26666666666667
5,115.14509803921568,124.94901960784314
5,93.05098039215686,125.72549019607843
5,107.54509803921569,115.13725490196077
5,101.12941176470588,122.32941176470588
5,101.31764705882352,135.28627450980392
5,99.75686274509803,118.49411764705883
5,86.71372549019608,125.61568627450981
5,103.91764705882353,139.81960784313725
5,107.09803921568627,140.7921568627451
5,101.68235294117648,138.7764705882353
5,93.50980392156863,123.60784313725489
5,85.92941176470588,125.70196078431373
5,107.01960784313725,122.3921568627451
5,93.96470588235294,128.29019607843136
5,113.55686274509804,135.9764705882353
5,97.90980392156862,136.15686274509804
5,95.85882352941177,129.49019607843138
5,100.51764705882353,132.20392156862744
5,91.4,131.44313725490196
5,98.74901960784314,132.8392156862745
5,104.56862745098039,139.38823529411764
5,89.20392156862745,122.7843137254902
5,105.29803921568627,129.02745098039216
5,86.96470588235294,134.20392156862744
5,102.47450980392156,136.95686274509805
5,109.01960784313725,112.90980392156862
5,95.6470588235294,120.69803921568626
5,101.37254901960785,127.02745098039216
5,99.7921568627451,140.0313725490196
5,88.79607843137255,124.27450980392157
5,90.71372549019608,125.28627450980392
5,103.52941176470588,140.24313725490197
5,92.01960784313725,133.49803921568628
5,106.43529411764706,128.13333333333333
5,105.06274509803922,127.91372549019607
5,94.09803921568627,126.45490196078431
5,107.74117647058823,132.5176470588235
5,95.87843137254902,138.25882352941176
5,93.26666666666667,123.03529411764706
5,113.76470588235294,124.79215686274509
5,85.14901960784314,125.85098039215686
5,99.21176470588236,134.49411764705883
5,104.63529411764706,136.4
5,97.54117647058824,135.4745098039216
5,99.4,115.46666666666667
5,88.4235294117647,118.17254901960784
5,105.13725490196079,129.2941176470588
5,93.35686274509804,132.19607843137254
5,94.97254901960784,125.63921568627451
5,96.25098039215686,132.7843137254902
5,88.94901960784314,131.06666666666666
5,109.18039215686275,128.1098039215686
5,89.28235294117647,117.01960784313727
5,104.58039215686274,109.2078431372549
5,87.8078431372549,133.1764705882353
5,107.80392156862744,127.03529411764706
5,92.83921568627451,137.30196078431374
5,90.50196078431372,120.06274509803922
5,91.72156862745098,116.00784313725491
5,116.10196078431373,130.8313725490196
5,97.83529411764705,110.27450980392157
5,87.83529411764705,119.32549019607842
5,85.66666666666667,120.98039215686275
5,105.94901960784314,122.72156862745098
5,105.6156862745098,135.71764705882353
5,107.70980392156862,113.32549019607843
5,102.65490196078431,137.85882352941178
5,92.2078431372549,133.74117647058824
5,89.65882352941176,115.89803921568628
5,90.14117647058823,132.98823529411766
5,91.91372549019607,128.3764705882353
5,98.08235294117647,139.77254901960782
5,105.89019607843137,131.39607843137253
5,100.25098039215686,113.94509803921568
5,89.48627450980392,136.54117647058823
5,103.89803921568627,128.65098039215687
5,99.07058823529412,125.09019607843138
5,89.25882352941177,119.5921568627451
5,89.71764705882353,135.84313725490196
5,111.26274509803922,114.64313725490196
5,87.45882352941176,121.6313725490196
5,95.6,113.81960784313725
5,100.25882352941177,130.3921568627451
5,95.04313725490196,121.23921568627452
5,92.1686274509804,126.26666666666667
5,103.28235294117647,130.4392156862745
5,93.10196078431373,127.35686274509803
5,89.6313725490196,127.6
5,97.75294117647059,139.79607843137254
5,97.7921568627451,131.31764705882352
5,110.78039215686275,114.92549019607843
5,94.45490196078431,117.82745098039214
5,100.52941176470588,140.7843137254902
5,84.61960784313726,122.14117647058825
5,106.93333333333334,136.71372549019608
5,114.92156862745098,133.79607843137254
5,108.43529411764706,136.69803921568626
5,99.49411764705883,119.88235294117646
5,110.28235294117647,112.91764705882352
5,99.20392156862745,135.84313725490196
5,97.85098039215686,125.42745098039215
5,93.30196078431372,132.14117647058822
5,93.30588235294118,129.45098039215685
5,102.33725490196079,139.47450980392156
5,109.08627450980393,121.75686274509803
5,95.99607843137255,110.8156862745098
5,88.97647058823529,123.56862745098039
5,95.52549019607844,130.29019607843136
5,97.37254901960785,134.8078431372549
5,89.47450980392156,117.2392156862745
5,89.2235294117647,119.62352941176471
5,94.76862745098039,115.9921568627451
5,99.58823529411765,122.72941176470587
5,111.14117647058823,123.95294117647059
5,86.58039215686274,118.66666666666666
5,104.72941176470589,134.30588235294118
5,107.58431372549019,128.48627450980393
5,107.97647058823529,132.75294117647059
5,99.13333333333334,111.37254901960785
5,104.02745098039216,130.14117647058825
5,94.45098039215686,132.7450980392157
5,102.12941176470588,133.35686274509806
5,108.87843137254902,113.2235294117647
5,94.89803921568627,113.38039215686274
5,86.26274509803922,123.45882352941177
5,109.79607843137255,122.98823529411766
5,107.99215686274509,139.30196078431374
5,99.1686274509804,110.52549019607844
5,103.8,125.81960784313726
5,92.50980392156863,131.31764705882352
5,95.85098039215686,131.86666666666667
5,96.65490196078431,131.44313725490196
5,91.2078431372549,128.0392156862745
5,96.10980392156863,122.25882352941176
5,114.55686274509804,131.08235294117648
5,103.79607843137255,130.76078431372548
5,103.15686274509804,136.56470588235294
5,111.72156862745098,131.32549019607842
5,93.7843137254902,136.39215686274508
5,86.30196078431372,120.32156862745097
5,111.55294117647058,137.35686274509806
5,96.76470588235294,116.87058823529412
5,91.04313725490196,127.77254901960785
5,105.06274509803922,113.02745098039216
5,111.18823529411765,128.72156862745098
5,103.07843137254902,139.9764705882353
5,87.44705882352942,130.3607843137255
5,91.69411764705882,121.80392156862744
5,111.07843137254902,130.46274509803922
5,101.54901960784314,137.12156862745098
5,96.81176470588235,138.39999999999998
5,96.14901960784314,115.16078431372549
5,91.78823529411764,120.11764705882352
5,110.22745098039216,133.72549019607843
5,101.91764705882353,135.23137254901962
5,86.31372549019608,120.88627450980393
5,107.45490196078431,116.86274509803921
5,89.56470588235294,117.93725490196078
5,102.59607843137255,139.00392156862745
5,101.90196078431373,135.71764705882353
5,93.94901960784314,120.35294117647058
5,96.65882352941176,126.47843137254901
5,103.89019607843137,118.90980392156862
5,105.89803921568627,109.72549019607843
5,94.28235294117647,120.52549019607844
5,84.9843137254902,124.50980392156862
5,113.30588235294118,134.45490196078433
5,104.87450980392157,124.53333333333333
5,97.75294117647059,133.24705882352941
5,95.06666666666666,124.84705882352941
5,103.6156862745098,124.4078431372549
5,107.18039215686275,117.69411764705882
5,115.12156862745098,126.02352941176471
5,99.99215686274509,109.70980392156864
5,90.18823529411765,132.26666666666665
5,103.45882352941176,133.78823529411764
5,107.7607843137255,113.93725490196078
5,98.12941176470588,133.37254901960785
5,103.33725490196079,136.48627450980393
5,87.29411764705883,127.42745098039217
5,88.09411764705882,118.74509803921569
5,114.97647058823529,117.43529411764706
5,102.00784313725491,135.14509803921567
5,99.04313725490196,127.01960784313727
5,95.12941176470588,134.62745098039215
5,103.67058823529412,134.32941176470587
5,85.2235294117647,127.16078431372549
5,88.2392156862745,124.63529411764705
5,102.11764705882354,125.9607843137255
5,96.54901960784314,136.3843137254902
5,110.27058823529411,132.25882352941176
5,97.93725490196078,140.46274509803922
5,99.66274509803921,124.88627450980393
5,109.41568627450981,134.20392156862746
5,93.7607843137255,120.3686274509804
5,101.86666666666666,130.25098039215686
5,93.98823529411764,119.34901960784313
5,90.1843137254902,116.32156862745097
5,106.92156862745098,111.1764705882353
5,98.27450980392157,129.9686274509804
5,98.00784313725491,130.65882352941176
5,96.43921568627451,128.32156862745097
5,110.56078431372549,119.17647058823529
5,92.56470588235294,138.18823529411765
5,86.26666666666667,123.49019607843138
5,97.17647058823529,139.41960784313727
5,105.11372549019607,137.86666666666667
5,97.5921568627451,128.63529411764705
5,88.33725490196079,132.63529411764705
5,103.66666666666667,138.5176470588235
5,109.55686274509804,138.04705882352943
5,99.77254901960784,109.31764705882352
5,102.43137254901961,123.62352941176471
5,98.37647058823529,110.54117647058824
5,102.2156862745098,124.07058823529411
5,88.40392156862745,123.13725490196077
5,91.71764705882353,125.5529411764706
5,108.11764705882354,137.01960784313724
5,87.86274509803921,118.01568627450979
5,101.93725490196078,129.5372549019608
5,102.11764705882354,122.54117647058824
5,97.86666666666666,137.521568627451
5,89.26666666666667,126.06274509803922
5,105.6470588235294,133.45098039215685
5,98.06666666666666,114.43921568627451
5,101.44705882352942,113.29411764705883
5,92.72156862745098,123.67843137254903
5,96.0156862745098,140.95686274509802
5,99.78039215686275,139.23137254901962
5,111.52156862745097,126.65098039215685
5,99.24705882352941,136.87843137254902
5,110.91372549019607,129.91372549019607
5,95.43921568627451,127.91372549019607
5,94.80392156862744,128.7921568627451
5,106.44705882352942,112.35294117647058
5,101.96078431372548,128.8313725490196
5,91.32941176470588,113.9843137254902
5,85.8156862745098,122.69803921568626
5,105.56470588235294,137.33333333333334
5,96.45882352941176,121.1921568627451
5,98.14509803921568,138.26666666666665
5,87.41568627450981,126.87058823529412
5,97.3843137254902,133.57647058823528
5,90.88235294117646,125.69411764705882
5,103.11372549019607,131.2627450980392
5,92.00784313725491,136.0862745098039
5,96.02352941176471,125.05882352941177
5,111.6313725490196,131.57647058823528
5,102.09411764705882,126.34509803921569
5,112.27058823529411,127.19999999999999
5,98.69803921568628,114.3921568627451
5,105.32941176470588,110.25882352941176
5,96.89803921568627,126.06274509803922
5,106.6156862745098,118.8235294117647
5,91.2078431372549,126.55686274509804
5,98.06274509803922,126.71372549019608
5,103.98039215686275,122.76862745098039
5,106.45490196078431,117.32549019607842
5,107.3921568627451,120.15686274509804
5,95.80392156862744,136.71372549019608
5,105.94509803921568,132.8156862745098
5,90.03921568627452,116.10196078431372
5,108.15686274509804,139.6392156862745
5,89.50980392156863,124.0156862745098
5,103.93725490196078,136.3686274509804
5,101.61960784313726,117.46666666666667
5,114.16470588235295,134.93333333333334
5,97.31764705882352,126.94117647058823
5,86.0156862745098,121.79607843137254
5,94.71764705882353,120.4549019607843
5,107.55294117647058,119.07450980392157
5,97.27843137254902,112.87058823529412
5,96.14901960784314,131.85882352941178
5,96.14901960784314,117.41960784313726
5,95.16078431372549,120.29019607843138
5,87.53725490196078,130.21176470588236
5,99.31764705882352,137.67058823529413
5,101.85490196078432,132.8549019607843
5,97.67450980392157,123.76470588235294
5,112.05098039215686,133.1607843137255
5,107.1921568627451,132.59607843137255
5,107.34509803921569,138.56470588235294
5,94.2156862745098,118.41568627450981
5,110.06274509803922,130.078431372549
5,111.55294117647058,124.15686274509804
5,93.59607843137255,136.3529411764706
5,110.14117647058823,129.27843137254902
5,102.58823529411765,140.09411764705882
5,104.26666666666667,140.97254901960784
5,98.33333333333333,129.24705882352941
5,87.11764705882354,116.56470588235294
5,108.69411764705882,139.7019607843137
5,95.70196078431373,134.22745098039218
5,97.68235294117648,125.76470588235294
5,107.81960784313725,126.15686274509804
5,91.61960784313726,124.08627450980393
5,93.11764705882354,120.53333333333333
5,88.82352941176471,128.52549019607844
5,98.23137254901961,135.1058823529412
5,100.65490196078431,118.75294117647059
5,97.1843137254902,129.83529411764704
5,90.0,125.38039215686274
5,109.23137254901961,128.95686274509802
5,109.92549019607843,120.41568627450981
5,92.46666666666667,131.35686274509806
5,86.66274509803921,118.13333333333333
5,90.94509803921568,126.87058823529412
5,92.62745098039215,129.36470588235295
5,85.43137254901961,119.42745098039215
5,100.8156862745098,132.93333333333334
5,105.99215686274509,118.92549019607843
5,108.4235294117647,131.5607843137255
5,104.52941176470588,114.05490196078432
5,105.43921568627451,128.12549019607843
5,91.79607843137255,138.10980392156864
5,109.65490196078431,134.92549019607844
5,104.15294117647059,134.19607843137254
5,84.67843137254901,124.93333333333334
5,105.68627450980392,133.89019607843136
5,113.05098039215686,116.69803921568626
5,110.72549019607843,133.01960784313724
5,99.30588235294118,132.13333333333333
5,101.17254901960784,141.36470588235295
